Customer_ID,Customer_Name,Gender,Age,State,City,Bank_Branch,Account_Type,Transaction_ID,Transaction_Date,Transaction_Time,Transaction_Amount,Merchant_ID,Transaction_Type,Merchant_Category,Account_Balance,Transaction_Device,Transaction_Location,Device_Type,Is_Fraud,Transaction_Currency,Customer_Contact,Transaction_Description,Customer_Email
d5f6ec07-d69e-4f47-b9b4-7c58ff17c19e,Osha Tella,Male,60,Kerala,Thiruvananthapuram,Thiruvananthapuram Branch,Savings,4fa3208f-9e23-42dc-b330-844829d0c12c,23-01-2025,16:04:07,32415.45,214e03c5-5c34-40d1-a66c-f440aa2bbd02,Transfer,Restaurant,74557.27,Voice Assistant,"Thiruvananthapuram, Kerala",POS,0,INR,+9198579XXXXXX,Bitcoin transaction,oshaXXXXX@XXXXX.com
7c14ad51-781a-4db9-b7bd-67439c175262,Hredhaan Khosla,Female,51,Maharashtra,Nashik,Nashik Branch,Business,c9de0c06-2c4c-40a9-97ed-3c7b8f97c79c,11-01-2025,17:14:53,43622.6,f9e3f11f-28d3-4199-b0ca-f225a155ede6,Bill Payment,Restaurant,74622.66,POS Mobile Device,"Nashik, Maharashtra",Desktop,0,INR,+9191074XXXXXX,Grocery delivery,hredhaanXXXX@XXXXXX.com
3a73a0e5-d4da-45aa-85f3-528413900a35,Ekani Nazareth,Male,20,Bihar,Bhagalpur,Bhagalpur Branch,Savings,e41c55f9-c016-4ff3-872b-cae72467c75c,25-01-2025,03:09:52,63062.56,97977d83-5486-4510-af1c-8dada3e1cfa0,Bill Payment,Groceries,66817.99,ATM,"Bhagalpur, Bihar",Desktop,0,INR,+9197745XXXXXX,Mutual fund investment,ekaniXXX@XXXXXX.com
7902f4ef-9050-4a79-857d-9c2ea3181940,Yamini Ramachandran,Female,57,Tamil Nadu,Chennai,Chennai Branch,Business,7f7ee11b-ff2c-45a3-802a-49bc47c02ecb,19-01-2025,12:27:02,14000.72,f45cd6b3-5092-44d0-8afb-490894605184,Debit,Entertainment,58177.08,POS Mobile App,"Chennai, Tamil Nadu",Mobile,0,INR,+9195889XXXXXX,Food delivery,yaminiXXXXX@XXXXXXX.com
3a4bba70-d9a9-4c5f-8b92-1735fd8c19e9,Kritika Rege,Female,43,Punjab,Amritsar,Amritsar Branch,Savings,f8e6ac6f-81a1-4985-bf12-f60967d852ef,30-01-2025,18:30:46,18335.16,70dd77dd-3b00-4b2c-8ebc-cfb8af5f6741,Transfer,Entertainment,16108.56,Virtual Card,"Amritsar, Punjab",Mobile,0,INR,+9195316XXXXXX,Debt repayment,kritikaXXXX@XXXXXX.com
6c870d65-76b0-431d-bdf3-9292998e8211,Ishanvi Dar,Male,54,Gujarat,Ahmedabad,Ahmedabad Branch,Checking,af5f667c-d064-4083-bfb7-83396111a3da,25-01-2025,06:49:53,9711.15,d82a798d-7b4d-4609-a687-8f6b5fc58fe7,Transfer,Entertainment,61258.85,Mobile Device,"Ahmedabad, Gujarat",POS,0,INR,+9198318XXXXXX,Seminar registration,ishanviXXX@XXXXX.com
5323737c-bbd2-423f-9c9b-e0433c8f75dc,Arya Shroff,Female,61,Delhi,New Delhi,New Delhi Branch,Business,b1355810-d246-4aeb-9932-347f32646172,04-01-2025,00:53:33,94677.01,e0b802ba-b1d9-4e94-9a88-6fbb6066b4e0,Transfer,Health,36313.61,Payment Gateway Device,"New Delhi, Delhi",Desktop,0,INR,+9194785XXXXXX,Public transport pass,aryaXXX@XXXXX.com
c0c3d474-f6c2-4c66-9b0e-f9ba75c6f310,Jackson Shere,Male,32,Andaman and Nicobar Islands,Port Blair,Port Blair Branch,Business,c86a000c-d81f-40be-acdf-77fc072fd808,16-01-2025,04:04:48,67704.28,ec344461-1bab-4e85-a1cb-05061e9149bc,Debit,Clothing,16948.73,Debit/Credit Card,"Port Blair, Andaman and Nicobar Islands",ATM,0,INR,+9193423XXXXXX,Online shopping,jacksonXXX@XXXXXXX.com
e9a82764-1253-4a46-ad34-80e3416fc801,Bhanumati Ravel,Male,52,Madhya Pradesh,Bhopal,Bhopal Branch,Business,323cc683-b0dc-40ee-a519-3b5dc96c7ed8,25-01-2025,10:50:12,72953.45,1de36b2e-e1a9-4e29-b8f8-8693919f0bb1,Withdrawal,Clothing,18138.71,ATM,"Bhopal, Madhya Pradesh",Mobile,0,INR,+9194374XXXXXX,Vacation payment,bhanumatiXXXXX@XXXXX.com
708224d5-192a-4d86-b411-8ec6d1bb274b,Meera Ganesh,Female,32,Chhattisgarh,Jagdalpur,Jagdalpur Branch,Business,9fad31ea-2770-4d80-a0ea-00972d5f02cc,02-01-2025,04:37:34,5689.02,20ffaa8f-958b-4848-b2e4-f62a3fda9bc1,Credit,Entertainment,65801.35,Bank Branch,"Jagdalpur, Chhattisgarh",Desktop,0,INR,+9194511XXXXXX,Electronics purchase,meeraXXXXX@XXXXXXX.com
87b53799-9959-4534-9aad-f7dfc1821d4b,Charvi Biswas,Male,18,Gujarat,Vadodara,Vadodara Branch,Savings,72832f5f-3b4c-4c9f-8434-8cfc564835f1,25-01-2025,08:52:44,45491.61,e4d6a617-f30f-481c-b2d6-133259d69a3b,Credit,Clothing,25427.07,Desktop/Laptop,"Vadodara, Gujarat",POS,0,INR,+9193360XXXXXX,Streaming service subscription,charviXXXX@XXXXXXX.com
d4d0f62e-00b0-4c0e-8188-0b5a3f3e6c3e,Yuvraj Dasgupta,Male,59,Punjab,Chandigarh,Chandigarh Branch,Business,9a03bbb6-0b7b-4ea6-919f-ba430637b612,14-01-2025,19:43:31,34680.87,3777c223-bf6f-443f-8964-5f60155cca98,Credit,Restaurant,38070.74,Bank Branch,"Chandigarh, Punjab",Mobile,0,INR,+9193342XXXXXX,Subscription renewal,yuvrajXXXXX@XXXXX.com
b2563484-0dae-4555-8859-5b55f91136d4,Amara Sidhu,Male,66,Mizoram,Champhai,Champhai Branch,Savings,6fa60ddb-b48b-40d3-b48a-d3bfa5afaafa,27-01-2025,22:02:12,46843.65,31278c3e-48ae-4115-a5c0-d8de1745d28f,Bill Payment,Restaurant,38362.08,Desktop/Laptop,"Champhai, Mizoram",Desktop,0,INR,+9192865XXXXXX,Laundry service,amaraXXXX@XXXXXXX.com
e6efdf36-1128-4a59-b4e5-08d8e5eb0e90,Maya Purohit,Female,47,Chhattisgarh,Korba,Korba Branch,Savings,9cb895c2-a148-43e4-8bff-44dfff407fe7,29-01-2025,12:09:47,39976.03,84797331-345f-40c3-87cd-f45e873de706,Transfer,Restaurant,49403.41,Self-service Banking Machine,"Korba, Chhattisgarh",POS,0,INR,+9193052XXXXXX,Online shopping,mayaXXX@XXXXXXX.com
3b59a82e-cd12-4eb4-bb0d-a52fb0662be8,Eshana Yohannan,Male,37,West Bengal,Kolkata,Kolkata Branch,Savings,9ce70ba0-cdf9-4c7d-bf79-8b59ac663b91,09-01-2025,14:35:57,10258.06,09006c38-ded5-4abe-8660-6334a1fd4825,Transfer,Groceries,73121.31,Payment Gateway Device,"Kolkata, West Bengal",ATM,0,INR,+9197782XXXXXX,Personal loan repayment,eshanaXXXXX@XXXXXXX.com
fa3f6733-33d6-4893-9a4b-90d097e02a14,Ranveer Biswas,Female,53,Bihar,Gaya,Gaya Branch,Business,08d040c8-4561-40e3-b2de-605ffbc837a2,22-01-2025,09:50:59,92969.97,c402f840-63bc-4a00-97d3-59ca63c281ff,Withdrawal,Health,80388.02,ATM Booth Kiosk,"Gaya, Bihar",Mobile,0,INR,+9194710XXXXXX,Insurance premium,ranveerXXXX@XXXXXXX.com
8d375e52-bfe4-405c-8e49-0e53f4cb8258,Bishakha Dhar,Female,38,Sikkim,Jorethang,Jorethang Branch,Checking,26064944-2ef5-40f3-bbc6-880fa0c7ffa6,08-01-2025,13:51:31,47.39,9ccd73b9-9361-4ec7-af4f-9bbf27672b77,Withdrawal,Clothing,52977.93,ATM,"Jorethang, Sikkim",Mobile,0,INR,+9199457XXXXXX,Pet care,bishakhaXXXXX@XXXXX.com
99d95f63-a2fa-4707-b577-f4a008e6700e,Theodore Suri,Male,56,Dadra and Nagar Haveli and Daman and Diu,Silvassa,Silvassa Branch,Business,aa3832eb-c0f0-48b1-b195-a376a1e17797,24-01-2025,12:41:39,85269.3,edb8e488-50ce-4d73-8dfd-ba561b4bc17b,Debit,Restaurant,74322.85,Biometric Scanner,"Silvassa, Dadra and Nagar Haveli and Daman and Diu",Desktop,1,INR,+9194951XXXXXX,Gift for colleague,theodoreXXX@XXXXX.com
88f48e6d-8018-4977-9af3-1702bd6e490c,Gagan Vala,Female,38,Madhya Pradesh,Bhopal,Bhopal Branch,Savings,df9d6dd9-dd29-442d-9abf-a2b3bbffde24,02-01-2025,12:42:43,89594.61,70d22ed4-3162-419f-adbb-1d04449f135d,Bill Payment,Groceries,61702.79,POS Mobile Device,"Bhopal, Madhya Pradesh",Desktop,0,INR,+9196471XXXXXX,Smart home device purchase,gaganXXXXX@XXXXX.com
f2fd2ba1-be7e-4a02-8cb6-bd20cae92545,Saanvi Srinivas,Female,38,Uttar Pradesh,Kanpur,Kanpur Branch,Business,0c4dafb3-c550-453a-a77c-6660a26b6705,13-01-2025,21:50:44,17728.9,4a1fff97-40f6-4427-b6fa-a1921619b4df,Withdrawal,Clothing,6965.92,Self-service Banking Machine,"Kanpur, Uttar Pradesh",Desktop,0,INR,+9196905XXXXXX,Beauty products,saanviXXXX@XXXXX.com
c7f12d6f-4193-4bd8-9224-b8b900f05290,Nikita Mohan,Male,60,Andaman and Nicobar Islands,Port Blair,Port Blair Branch,Business,2e4aeb85-653c-43d6-b74d-a15e913ae6b9,17-01-2025,08:34:34,69766.33,df14ef22-f7aa-4d72-92ca-3c72c6bb4c7d,Debit,Clothing,56941.65,Self-service Banking Machine,"Port Blair, Andaman and Nicobar Islands",POS,0,INR,+9196255XXXXXX,Car service,nikitaXXXX@XXXXX.com
